{"falcon-40b-instruct": [-0.16529268627391913, -0.18525113079633065, -0.14546714428886134], "gpt_3": [-0.4685940537004367, -0.4895736906424318, -0.44715068782708595], "gpt_4": [-0.12267657744296627, -0.1380420249208945, -0.10747072493752693], "llama-2-13b-chat-hf": [-0.3690273344261352, -0.3927168785174857, -0.34577449815612016], "llama-2-13b-hf": [-0.11453379953379952, -0.19941663121067194, -0.031130004550913155], "llama-2-7b-chat-hf": [-0.3775670841197104, -0.3993642594036075, -0.3557624885353748], "llama-2-7b-hf": [0.018633540372670815, -0.09671267440426982, 0.1354459953278512], "mistral-7b-instruct-v0.1": [-0.3476065283480822, -0.37313363707877895, -0.3219192297802999], "mistral-7b-v0.1": [-0.11107411747993465, -0.16954620005573492, -0.051048550278727234], "falcon-7b-instruct": [-0.23646475375501166, -0.2685851773922976, -0.20333840899186661], "falcon-7b": [-0.05625476735316551, -0.13833803654651183, 0.026537434631360896]}