{"falcon-40b-instruct": -0.1930414507380413, "falcon-7b": -0.05328341013824883, "falcon-7b-instruct": -0.21356795055133374, "gpt-3.5-turbo-0125": -0.4702044514157449, "gpt-4": -0.14035009276747956, "llama-2-13b-chat-hf": -0.40753510692660594, "llama-2-13b-hf": -0.06554758800521515, "llama-2-7b-chat-hf": -0.3776672157383649, "llama-2-7b-hf": -0.0490083905415713, "mistral-7b-instruct-v0.1": -0.4039577354092608, "mistral-7b-v0.1": -0.1541193181818182}