{"falcon-40b-instruct": -0.11192996234905794, "falcon-7b": -0.036170212765957444, "falcon-7b-instruct": -0.22716049382716047, "gpt-3.5-turbo-0125": -0.4370835903334611, "gpt-4": -0.08600212613414424, "llama-2-13b-chat-hf": -0.32591979754720657, "llama-2-13b-hf": -0.1574519230769231, "llama-2-7b-chat-hf": -0.3761728023815114, "llama-2-7b-hf": 0.1531400966183575, "mistral-7b-instruct-v0.1": -0.23639288639288641, "mistral-7b-v0.1": -0.07224899148363964}