{"falcon-40b-instruct": [-0.16588056842773052, -0.1830969439589177, -0.1482228296807066], "gpt_3": [-0.436245042384369, -0.4552523616379769, -0.4172204543751416], "gpt_4": [-0.1273827996336343, -0.14086827913658378, -0.11396828164321196], "llama-2-13b-chat-hf": [-0.3565837564253932, -0.3764868892436415, -0.33653234400443127], "llama-2-13b-hf": [-0.04888177881197078, -0.11990784399098192, 0.02268385418809335], "llama-2-7b-chat-hf": [-0.36906535080068775, -0.38779411853142953, -0.35006156625428975], "llama-2-7b-hf": [0.0, -0.10220809081327373, 0.09980275477921584], "mistral-7b-instruct-v0.1": [-0.32359267883082893, -0.34518354732656026, -0.30118910808806215], "mistral-7b-v0.1": [-0.06727399808086434, -0.11931792148468463, -0.015055209605143633], "falcon-7b-instruct": [-0.20567836005758025, -0.23341822656285025, -0.17722552570825623], "falcon-7b": [-0.06488532719383686, -0.13646646436899493, 0.006018596398708049]}