{"falcon-40b-instruct": -0.11440844378988708, "falcon-7b": 0.15666666666666668, "falcon-7b-instruct": -0.11883116883116879, "gpt-3.5-turbo-0125": -0.32748385001263125, "gpt-4": -0.05674550052060092, "llama-2-13b-chat-hf": -0.39859621936351314, "llama-2-13b-hf": 0.024358974358974356, "llama-2-7b-chat-hf": -0.3428282374100719, "llama-2-7b-hf": 0.13038548752834467, "mistral-7b-instruct-v0.1": -0.28664799253034545, "mistral-7b-v0.1": -0.07536606373815677}