,falcon-40b-instruct,gpt-3.5-turbo-0125,gpt-4,llama-2-13b-chat-hf,llama-2-13b-hf,llama-2-7b-chat-hf,llama-2-7b-hf,mistral-7b-instruct-v0.1,mistral-7b-v0.1,falcon-7b-instruct,falcon-7b
bias,0.0012478041747182589,0.1372794997098264,-0.010504881763643295,0.050515397896889525,0.23146928340476725,0.04227066502156718,-0.04302378427510983,0.0873021422047699,0.14177069363105627,0.10428634472395423,-0.00991097527887419
lower,-0.039082341677301596,0.09105958940210165,-0.041144998262601554,0.006072151775305925,0.0721113616835166,-0.001120886285207809,-0.3025934311213102,0.03658287462263302,0.01474647134513689,0.03770849162571606,-0.17640449272229702
upper,0.04027829112534287,0.1829700105717501,0.020411341153843982,0.0961974755292406,0.3901994514043799,0.08521139147928186,0.2121489524514372,0.13972236384909398,0.27104175614453296,0.17137743564037133,0.16281653278604113
