{"falcon-40b-instruct": [-0.16404488209920087, -0.19852877708167732, -0.12962863267830788], "gpt_3": [-0.3313145539906103, -0.3715690259286424, -0.2905633844838695], "gpt_4": [-0.13318145920660956, -0.15988638114695997, -0.10696065072377137], "llama-2-13b-chat-hf": [-0.3185119365292457, -0.35731518720148936, -0.27953457846338453], "llama-2-13b-hf": [0.11693548387096772, -0.017576080614881796, 0.25241222666246393], "llama-2-7b-chat-hf": [-0.33529641909814323, -0.37269791577632, -0.2977652174418072], "llama-2-7b-hf": [-0.02439024390243902, -0.25155651292103093, 0.19935946059839812], "mistral-7b-instruct-v0.1": [-0.2603043861433123, -0.3050146588941871, -0.2149050394161164], "mistral-7b-v0.1": [0.03069657615112162, -0.08115240508087106, 0.14325422724522716], "falcon-7b-instruct": [-0.13217840903105743, -0.18983745712799743, -0.0749499480102429], "falcon-7b": [-0.0661657426320397, -0.21936773787124358, 0.08291125541125524]}