{"falcon-40b-instruct": -0.18998357963875206, "falcon-7b": -0.1483957219251337, "falcon-7b-instruct": -0.1372811309729155, "gpt-3.5-turbo-0125": -0.3331191579223075, "gpt-4": -0.17672676073853968, "llama-2-13b-chat-hf": -0.2756022636975018, "llama-2-13b-hf": 0.17451790633608816, "llama-2-7b-chat-hf": -0.3310521392348974, "llama-2-7b-hf": -0.1463963963963964, "mistral-7b-instruct-v0.1": -0.24897959183673474, "mistral-7b-v0.1": 0.0882905982905983}